Index,STATION,LINENAME,unique_name,NTA dist ID,NTA dist name,Univ_near,University Name,Flatiron district,Dumbo
0,1 AV,L,1 AV - L,,,N,,N,N
1,103 ST,1,103 ST - 1,MN12,Upper West Side,N,,N,N
2,103 ST,6,103 ST - 6,,,N,,N,N
3,103 ST,BC,103 ST - BC,,,N,,N,N
4,103 ST-CORONA,7,103 ST-CORONA - 7,,,N,,N,N
5,104 ST,A,104 ST - A,,,N,,N,N
6,104 ST,JZ,104 ST - JZ,,,N,,N,N
7,110 ST,6,110 ST - 6,,,N,,N,N
8,111 ST,7,111 ST - 7,,,N,,N,N
9,111 ST,A,111 ST - A,,,N,,N,N
10,111 ST,J,111 ST - J,,,N,,N,N
11,116 ST,23,116 ST - 23,,,N,,N,N
12,116 ST,6,116 ST - 6,,,N,,N,N
13,116 ST,BC,116 ST - BC,,,N,,N,N
14,116 ST-COLUMBIA,1,116 ST-COLUMBIA - 1,MN09,Morningside Heights,Y,"Columbia University, Barnard College",N,N
15,121 ST,JZ,121 ST - JZ,,,N,,N,N
16,125 ST,1,125 ST - 1,MN09,Morningside Heights,N,,N,N
17,125 ST,23,125 ST - 23,,,N,,N,N
18,125 ST,456,125 ST - 456,,,N,,N,N
19,125 ST,ACBD,125 ST - ACBD,,,N,,N,N
20,135 ST,23,135 ST - 23,,,N,,N,N
21,135 ST,BC,135 ST - BC,,,N,,N,N
22,137 ST CITY COL,1,137 ST CITY COL - 1,,,N,,N,N
23,138/GRAND CONC,45,138/GRAND CONC - 45,,,N,,N,N
24,14 ST,123FLM,14 ST - 123FLM,MN23,West Village,N,,N,N
25,14 ST,ACEL,14 ST - ACEL,MN13,Hudson Yards-Chelsea-Flat Iron-Union Square,N,,Y,N
26,14 ST,FLM123,14 ST - FLM123,MN13,Hudson Yards-Chelsea-Flat Iron-Union Square,N,,Y,N
27,14 ST-UNION SQ,456LNQRW,14 ST-UNION SQ - 456LNQRW,MN13,Hudson Yards-Chelsea-Flat Iron-Union Square,N,,Y,N
28,14 ST-UNION SQ,LNQR456W,14 ST-UNION SQ - LNQR456W,,,N,,N,N
29,145 ST,1,145 ST - 1,,,N,,N,N
30,145 ST,3,145 ST - 3,,,N,,N,N
31,145 ST,ABCD,145 ST - ABCD,,,N,,N,N
32,149/GRAND CONC,245,149/GRAND CONC - 245,,,N,,N,N
33,14TH STREET,1,14TH STREET - 1,,,N,,N,N
34,15 ST-PROSPECT,FG,15 ST-PROSPECT - FG,,,N,,N,N
35,155 ST,BD,155 ST - BD,,,N,,N,N
36,155 ST,C,155 ST - C,,,N,,N,N
37,157 ST,1,157 ST - 1,,,N,,N,N
38,161/YANKEE STAD,4BD,161/YANKEE STAD - 4BD,,,N,,N,N
39,161/YANKEE STAD,BD4,161/YANKEE STAD - BD4,,,N,,N,N
40,167 ST,4,167 ST - 4,,,N,,N,N
41,167 ST,BD,167 ST - BD,,,N,,N,N
42,168 ST,1AC,168 ST - 1AC,,,N,,N,N
43,168 ST,AC1,168 ST - AC1,,,N,,N,N
44,169 ST,F,169 ST - F,,,N,,N,N
45,170 ST,4,170 ST - 4,,,N,,N,N
46,170 ST,BD,170 ST - BD,,,N,,N,N
47,174 ST,25,174 ST - 25,,,N,,N,N
48,174-175 STS,BD,174-175 STS - BD,,,N,,N,N
49,175 ST,A,175 ST - A,,,N,,N,N
50,176 ST,4,176 ST - 4,,,N,,N,N
51,18 AV,D,18 AV - D,,,N,,N,N
52,18 AV,F,18 AV - F,,,N,,N,N
53,18 AV,N,18 AV - N,,,N,,N,N
54,18 ST,1,18 ST - 1,,,N,,N,N
55,181 ST,1,181 ST - 1,,,N,,N,N
56,181 ST,A,181 ST - A,,,N,,N,N
57,182-183 STS,BD,182-183 STS - BD,,,N,,N,N
58,183 ST,4,183 ST - 4,,,N,,N,N
59,190 ST,A,190 ST - A,,,N,,N,N
60,191 ST,1,191 ST - 1,,,N,,N,N
61,2 AV,F,2 AV - F,,,N,,N,N
62,20 AV,D,20 AV - D,,,N,,N,N
63,20 AV,N,20 AV - N,,,N,,N,N
64,207 ST,1,207 ST - 1,,,N,,N,N
65,21 ST,G,21 ST - G,,,N,,N,N
66,21 ST-QNSBRIDGE,F,21 ST-QNSBRIDGE - F,,,N,,N,N
67,215 ST,1,215 ST - 1,,,N,,N,N
68,219 ST,25,219 ST - 25,,,N,,N,N
69,225 ST,25,225 ST - 25,,,N,,N,N
70,23 ST,1,23 ST - 1,MN13,Hudson Yards-Chelsea-Flat Iron-Union Square,N,,Y,N
71,23 ST,6,23 ST - 6,,,N,,N,N
72,23 ST,CE,23 ST - CE,MN13,Hudson Yards-Chelsea-Flat Iron-Union Square,N,,Y,N
73,23 ST,FM,23 ST - FM,MN13,Hudson Yards-Chelsea-Flat Iron-Union Square,N,,Y,N
74,23 ST,NRW,23 ST - NRW,MN13,Hudson Yards-Chelsea-Flat Iron-Union Square,N,,Y,N
75,231 ST,1,231 ST - 1,,,N,,N,N
76,233 ST,25,233 ST - 25,,,N,,N,N
77,238 ST,1,238 ST - 1,,,N,,N,N
78,25 AV,D,25 AV - D,,,N,,N,N
79,25 ST,R,25 ST - R,,,N,,N,N
80,28 ST,1,28 ST - 1,MN17,Midtown-Midtown South,Y,Fashion Institute of Technology,N,N
81,28 ST,6,28 ST - 6,,,N,,N,N
82,28 ST,NRW,28 ST - NRW,MN17,Midtown-Midtown South,N,,N,N
83,3 AV,L,3 AV - L,,,N,,N,N
84,3 AV 138 ST,6,3 AV 138 ST - 6,,,N,,N,N
85,3 AV-149 ST,25,3 AV-149 ST - 25,,,N,,N,N
86,33 ST,6,33 ST - 6,MN20,Murray Hill-Kips Bay,N,,N,N
87,33 ST-RAWSON ST,7,33 ST-RAWSON ST - 7,QN31,Hunters Point-Sunnyside-West Maspeth,Y,City University of New York,N,N
88,34 ST-HERALD SQ,BDFMNQRW,34 ST-HERALD SQ - BDFMNQRW,MN17,Midtown-Midtown South,N,,N,N
89,34 ST-HUDSON YD,7,34 ST-HUDSON YD - 7,,,N,,N,N
90,34 ST-PENN STA,123,34 ST-PENN STA - 123,MN17,Midtown-Midtown South,N,,N,N
91,34 ST-PENN STA,123ACE,34 ST-PENN STA - 123ACE,,,N,,N,N
92,34 ST-PENN STA,ACE,34 ST-PENN STA - ACE,,,N,,N,N
93,36 ST,DNR,36 ST - DNR,,,N,,N,N
94,36 ST,MR,36 ST - MR,,,N,,N,N
95,39 AV,NQW,39 AV - NQW,,,N,,N,N
96,4 AV-9 ST,DFGMNR,4 AV-9 ST - DFGMNR,BK37,Park Slope-Gowanus,N,,N,N
97,40 ST LOWERY ST,7,40 ST LOWERY ST - 7,,,N,,N,N
98,42 ST-BRYANT PK,BDFM7,42 ST-BRYANT PK - BDFM7,MN17,Midtown-Midtown South,N,,N,N
99,42 ST-PORT AUTH,ACENGRS1237W,42 ST-PORT AUTH - ACENGRS1237W,MN17,Midtown-Midtown South,N,,N,N
100,42 ST-PORT AUTH,ACENQRS1237W,42 ST-PORT AUTH - ACENQRS1237W,MN17,Midtown-Midtown South,N,,N,N
101,45 ST,R,45 ST - R,,,N,,N,N
102,46 ST,MR,46 ST - MR,,,N,,N,N
103,46 ST BLISS ST,7,46 ST BLISS ST - 7,,,N,,N,N
104,47-50 STS ROCK,BDFM,47-50 STS ROCK - BDFM,MN17,Midtown-Midtown South,N,,N,N
105,49 ST,NQRW,49 ST - NQRW,MN17,Midtown-Midtown South,N,,N,N
106,4AV-9 ST,DFGMNR,4AV-9 ST - DFGMNR,,,N,,N,N
107,5 AV/53 ST,EM,5 AV/53 ST - EM,MN17,Midtown-Midtown South,N,,N,N
108,5 AV/59 ST,NQRW,5 AV/59 ST - NQRW,,,N,,N,N
109,5 AVE,7BDFM,5 AVE - 7BDFM,MN17,Midtown-Midtown South,N,,N,N
110,50 ST,1,50 ST - 1,MN17,Midtown-Midtown South,N,,N,N
111,50 ST,CE,50 ST - CE,MN17,Midtown-Midtown South,N,,N,N
112,50 ST,D,50 ST - D,,,N,,N,N
113,51 ST,6,51 ST - 6,,,N,,N,N
114,52 ST,7,52 ST - 7,,,N,,N,N
115,53 ST,R,53 ST - R,,,N,,N,N
116,55 ST,D,55 ST - D,,,N,,N,N
117,57 ST,F,57 ST - F,MN17,Midtown-Midtown South,N,,N,N
118,57 ST-7 AV,NQRW,57 ST-7 AV - NQRW,MN17,Midtown-Midtown South,N,,N,N
119,59 ST,456NQRW,59 ST - 456NQRW,MN40,Upper East Side-Carnegie Hill,N,,N,N
120,59 ST,NQR456W,59 ST - NQR456W,MN40,Upper East Side-Carnegie Hill,N,,N,N
121,59 ST,NRW,59 ST - NRW,MN40,Upper East Side-Carnegie Hill,N,,N,N
122,59 ST COLUMBUS,1ABCD,59 ST COLUMBUS - 1ABCD,MN14,Lincoln Square,N,,N,N
123,59 ST COLUMBUS,ABCD1,59 ST COLUMBUS - ABCD1,MN14,Lincoln Square,N,,N,N
124,6 AV,FLM123,6 AV - FLM123,,,N,,N,N
125,61 ST WOODSIDE,7,61 ST WOODSIDE - 7,,,N,,N,N
126,63 DR-REGO PARK,MR,63 DR-REGO PARK - MR,,,N,,N,N
127,65 ST,MR,65 ST - MR,,,N,,N,N
128,66 ST-LINCOLN,1,66 ST-LINCOLN - 1,MN14,Lincoln Square,N,,N,N
129,67 AV,MR,67 AV - MR,,,N,,N,N
130,68ST-HUNTER CO,6,68ST-HUNTER CO - 6,MN40,Upper East Side-Carnegie Hill,N,,N,N
131,69 ST,7,69 ST - 7,,,N,,N,N
132,7 AV,BDE,7 AV - BDE,MN17,Midtown-Midtown South,N,,N,N
133,7 AV,BQ,7 AV - BQ,BK64,Prospect Heights,N,,N,N
134,7 AV,FG,7 AV - FG,BK37,Park Slope-Gowanus,N,,N,N
135,71 ST,D,71 ST - D,,,N,,N,N
136,72 ST,123,72 ST - 123,MN14,Lincoln Square,N,,N,N
137,72 ST,BC,72 ST - BC,,,N,,N,N
138,72 ST-2 AVE,Q,72 ST-2 AVE - Q,,,N,,N,N
139,74 ST-BROADWAY,7EFMR,74 ST-BROADWAY - 7EFMR,,,N,,N,N
140,75 AV,EF,75 AV - EF,,,N,,N,N
141,75 ST-ELDERTS,JZ,75 ST-ELDERTS - JZ,,,N,,N,N
142,77 ST,6,77 ST - 6,MN40,Upper East Side-Carnegie Hill,N,,N,N
143,77 ST,R,77 ST - R,,,N,,N,N
144,79 ST,1,79 ST - 1,MN12,Upper West Side,N,,N,N
145,79 ST,D,79 ST - D,,,N,,N,N
146,8 AV,ACEL,8 AV - ACEL,,,N,,N,N
147,8 AV,N,8 AV - N,,,N,,N,N
148,8 ST-NYU,NRW,8 ST-NYU - NRW,MN23,West Village,Y,New York University,N,N
149,80 ST,A,80 ST - A,,,N,,N,N
150,81 ST-MUSEUM,BC,81 ST-MUSEUM - BC,,,N,,N,N
151,82 ST-JACKSON H,7,82 ST-JACKSON H - 7,,,N,,N,N
152,85 ST-FOREST PK,J,85 ST-FOREST PK - J,,,N,,N,N
153,86 ST,1,86 ST - 1,MN12,Upper West Side,N,,N,N
154,86 ST,456,86 ST - 456,MN40,Upper East Side-Carnegie Hill,N,,N,N
155,86 ST,BC,86 ST - BC,,,N,,N,N
156,86 ST,N,86 ST - N,,,N,,N,N
157,86 ST,R,86 ST - R,,,N,,N,N
158,86 ST-2 AVE,Q,86 ST-2 AVE - Q,MN32,Yorkville,N,,N,N
159,88 ST,A,88 ST - A,,,N,,N,N
160,9 AV,D,9 AV - D,,,N,,N,N
161,90 ST-ELMHURST,7,90 ST-ELMHURST - 7,,,N,,N,N
162,96 ST,123,96 ST - 123,MN12,Upper West Side,N,,N,N
163,96 ST,6,96 ST - 6,MN40,Upper East Side-Carnegie Hill,N,,N,N
164,96 ST,BC,96 ST - BC,,,N,,N,N
165,96 ST-2 AVE,Q,96 ST-2 AVE - Q,MN32,Yorkville,N,,N,N
166,9TH STREET,1,9TH STREET - 1,,,N,,N,N
167,ALABAMA AV,J,ALABAMA AV - J,,,N,,N,N
168,ALLERTON AV,25,ALLERTON AV - 25,,,N,,N,N
169,AQUEDUCT N.COND,A,AQUEDUCT N.COND - A,,,N,,N,N
170,AQUEDUCT RACETR,A,AQUEDUCT RACETR - A,,,N,,N,N
171,ASTOR PL,6,ASTOR PL - 6,MN23,West Village,N,,N,N
172,ASTORIA BLVD,NQW,ASTORIA BLVD - NQW,,,N,,N,N
173,ASTORIA DITMARS,NQW,ASTORIA DITMARS - NQW,,,N,,N,N
174,ATL AV-BARCLAY,2345BDNQR,ATL AV-BARCLAY - 2345BDNQR,,,N,,N,N
175,ATL AV-BARCLAY,BDNQR2345,ATL AV-BARCLAY - BDNQR2345,,,N,,N,N
176,ATLANTIC AV,L,ATLANTIC AV - L,,,N,,N,N
177,AVENUE H,BQ,AVENUE H - BQ,,,N,,N,N
178,AVENUE I,F,AVENUE I - F,,,N,,N,N
179,AVENUE J,BQ,AVENUE J - BQ,,,N,,N,N
180,AVENUE M,BQ,AVENUE M - BQ,,,N,,N,N
181,AVENUE N,F,AVENUE N - F,,,N,,N,N
182,AVENUE P,F,AVENUE P - F,,,N,,N,N
183,AVENUE U,BQ,AVENUE U - BQ,,,N,,N,N
184,AVENUE U,F,AVENUE U - F,,,N,,N,N
185,AVENUE U,N,AVENUE U - N,,,N,,N,N
186,AVENUE X,F,AVENUE X - F,,,N,,N,N
188,BAY 50 ST,D,BAY 50 ST - D,,,N,,N,N
189,BAY PKWY,D,BAY PKWY - D,,,N,,N,N
190,BAY PKWY,F,BAY PKWY - F,,,N,,N,N
191,BAY PKWY,N,BAY PKWY - N,,,N,,N,N
192,BAY RIDGE AV,R,BAY RIDGE AV - R,,,N,,N,N
193,BAY RIDGE-95 ST,R,BAY RIDGE-95 ST - R,,,N,,N,N
194,BAYCHESTER AV,5,BAYCHESTER AV - 5,,,N,,N,N
195,BEACH 105 ST,AS,BEACH 105 ST - AS,,,N,,N,N
196,BEACH 25 ST,A,BEACH 25 ST - A,,,N,,N,N
197,BEACH 36 ST,A,BEACH 36 ST - A,,,N,,N,N
198,BEACH 44 ST,A,BEACH 44 ST - A,,,N,,N,N
199,BEACH 60 ST,A,BEACH 60 ST - A,,,N,,N,N
200,BEACH 67 ST,A,BEACH 67 ST - A,,,N,,N,N
201,BEACH 90 ST,AS,BEACH 90 ST - AS,,,N,,N,N
202,BEACH 98 ST,AS,BEACH 98 ST - AS,,,N,,N,N
203,BEDFORD AV,L,BEDFORD AV - L,,,N,,N,N
204,BEDFORD PK BLVD,4,BEDFORD PK BLVD - 4,,,N,,N,N
205,BEDFORD PK BLVD,BD,BEDFORD PK BLVD - BD,,,N,,N,N
206,BEDFORD-NOSTRAN,G,BEDFORD-NOSTRAN - G,,,N,,N,N
207,BERGEN ST,23,BERGEN ST - 23,BK37,Park Slope-Gowanus,N,,N,N
208,BERGEN ST,FG,BERGEN ST - FG,,,N,,N,N
209,BEVERLEY ROAD,BQ,BEVERLEY ROAD - BQ,,,N,,N,N
210,BEVERLY RD,25,BEVERLY RD - 25,,,N,,N,N
211,BLEECKER ST,6DF,BLEECKER ST - 6DF,MN23,West Village,N,,N,N
212,BOROUGH HALL,2345R,BOROUGH HALL - 2345R,,,N,,N,N
213,BOROUGH HALL,R2345,BOROUGH HALL - R2345,,,N,,N,N
214,BOTANIC GARDEN,S2345,BOTANIC GARDEN - S2345,,,N,,N,N
215,BOWERY,JZ,BOWERY - JZ,,,N,,N,N
216,BOWLING GREEN,45,BOWLING GREEN - 45,MN25,Battery Park City-Lower Manhattan,N,,N,N
217,BRIARWOOD,EF,BRIARWOOD - EF,,,N,,N,N
218,BRIGHTON BEACH,BQ,BRIGHTON BEACH - BQ,,,N,,N,N
219,BROAD CHANNEL,AS,BROAD CHANNEL - AS,,,N,,N,N
220,BROAD ST,JZ,BROAD ST - JZ,MN25,Battery Park City-Lower Manhattan,N,,N,N
221,BROADWAY,G,BROADWAY - G,,,N,,N,N
222,BROADWAY,NQW,BROADWAY - NQW,,,N,,N,N
223,BROADWAY JCT,ACJLZ,BROADWAY JCT - ACJLZ,,,N,,N,N
224,BRONX PARK EAST,25,BRONX PARK EAST - 25,,,N,,N,N
225,BROOK AV,6,BROOK AV - 6,,,N,,N,N
226,BROOKLYN BRIDGE,456JZ,BROOKLYN BRIDGE - 456JZ,,,N,,N,N
227,BUHRE AV,6,BUHRE AV - 6,,,N,,N,N
228,BURKE AV,25,BURKE AV - 25,,,N,,N,N
229,BURNSIDE AV,4,BURNSIDE AV - 4,,,N,,N,N
230,BUSHWICK AV,L,BUSHWICK AV - L,,,N,,N,N
187,B'WAY-LAFAYETTE,BDFQ6,B'WAY-LAFAYETTE - BDFQ6,,,N,,N,N
231,CANAL ST,1,CANAL ST - 1,,,N,,N,N
232,CANAL ST,ACE,CANAL ST - ACE,,,N,,N,N
233,CANAL ST,JNQRZ6W,CANAL ST - JNQRZ6W,,,N,,N,N
234,CANARSIE-ROCKAW,L,CANARSIE-ROCKAW - L,,,N,,N,N
235,CARROLL ST,FG,CARROLL ST - FG,,,N,,N,N
236,CASTLE HILL AV,6,CASTLE HILL AV - 6,,,N,,N,N
237,CATHEDRAL PKWY,1,CATHEDRAL PKWY - 1,MN09,Morningside Heights,N,,N,N
238,CENTRAL AV,M,CENTRAL AV - M,,,N,,N,N
239,CENTRAL PK N110,23,CENTRAL PK N110 - 23,,,N,,N,N
240,CHAMBERS ST,123,CHAMBERS ST - 123,,,N,,N,N
241,CHAMBERS ST,ACE23,CHAMBERS ST - ACE23,,,N,,N,N
242,CHAMBERS ST,JZ456,CHAMBERS ST - JZ456,,,N,,N,N
243,CHAUNCEY ST,JZ,CHAUNCEY ST - JZ,,,N,,N,N
244,CHRISTOPHER ST,1,CHRISTOPHER ST - 1,MN23,West Village,N,,N,N
245,CHURCH AV,25,CHURCH AV - 25,,,N,,N,N
246,CHURCH AV,BQ,CHURCH AV - BQ,,,N,,N,N
247,CHURCH AV,FG,CHURCH AV - FG,,,N,,N,N
248,CITY / BUS,1,CITY / BUS - 1,,,N,,N,N
249,CITY HALL,NRW,CITY HALL - NRW,MN24,SoHo-TriBeCa-Civic Center-Little Italy,Y,Pace University,N,N
250,CLARK ST,23,CLARK ST - 23,BK09,Brooklyn Heights-Cobble Hill,N,,N,N
251,CLASSON AV,G,CLASSON AV - G,,,N,,N,N
252,CLEVELAND ST,J,CLEVELAND ST - J,,,N,,N,N
253,CLINTON-WASH AV,C,CLINTON-WASH AV - C,,,N,,N,N
254,CLINTON-WASH AV,G,CLINTON-WASH AV - G,,,N,,N,N
255,CONEY IS-STILLW,DFNQ,CONEY IS-STILLW - DFNQ,,,N,,N,N
256,CORTELYOU RD,BQ,CORTELYOU RD - BQ,,,N,,N,N
257,CORTLANDT ST,RNW,CORTLANDT ST - RNW,MN25,Battery Park City-Lower Manhattan,N,,N,N
258,COURT SQ,7,COURT SQ - 7,,,N,,N,N
259,COURT SQ,EMG,COURT SQ - EMG,,,N,,N,N
260,COURT SQ-23 ST,EMG,COURT SQ-23 ST - EMG,,,N,,N,N
261,CRESCENT ST,JZ,CRESCENT ST - JZ,,,N,,N,N
262,CROWN HTS-UTICA,34,CROWN HTS-UTICA - 34,,,N,,N,N
263,CYPRESS AV,6,CYPRESS AV - 6,,,N,,N,N
264,CYPRESS HILLS,J,CYPRESS HILLS - J,,,N,,N,N
265,DEKALB AV,BDNQR,DEKALB AV - BDNQR,,,N,,N,N
266,DEKALB AV,L,DEKALB AV - L,,,N,,N,N
267,DELANCEY/ESSEX,FJMZ,DELANCEY/ESSEX - FJMZ,,,N,,N,N
268,DITMAS AV,F,DITMAS AV - F,,,N,,N,N
269,DYCKMAN ST,1,DYCKMAN ST - 1,,,N,,N,N
270,DYCKMAN ST,A,DYCKMAN ST - A,,,N,,N,N
271,E 143/ST MARY'S,6,E 143/ST MARY'S - 6,,,N,,N,N
272,E 149 ST,6,E 149 ST - 6,,,N,,N,N
273,E 180 ST,25,E 180 ST - 25,,,N,,N,N
274,EAST 105 ST,L,EAST 105 ST - L,,,N,,N,N
275,EAST BROADWAY,F,EAST BROADWAY - F,,,N,,N,N
276,EASTCHSTER/DYRE,5,EASTCHSTER/DYRE - 5,,,N,,N,N
277,EASTN PKWY-MUSM,23,EASTN PKWY-MUSM - 23,,,N,,N,N
278,ELDER AV,6,ELDER AV - 6,,,N,,N,N
279,ELMHURST AV,MR,ELMHURST AV - MR,,,N,,N,N
280,EUCLID AV,AC,EUCLID AV - AC,,,N,,N,N
281,EXCHANGE PLACE,1,EXCHANGE PLACE - 1,,,N,,N,N
282,FAR ROCKAWAY,A,FAR ROCKAWAY - A,,,N,,N,N
283,FLATBUSH AV-B.C,25,FLATBUSH AV-B.C - 25,,,N,,N,N
284,FLUSHING AV,G,FLUSHING AV - G,,,N,,N,N
285,FLUSHING AV,JM,FLUSHING AV - JM,,,N,,N,N
286,FLUSHING-MAIN,7,FLUSHING-MAIN - 7,,,N,,N,N
287,FORDHAM RD,4,FORDHAM RD - 4,,,N,,N,N
288,FORDHAM RD,BD,FORDHAM RD - BD,,,N,,N,N
289,FOREST AVE,M,FOREST AVE - M,,,N,,N,N
290,FOREST HILLS 71,EFMR,FOREST HILLS 71 - EFMR,,,N,,N,N
291,FRANKLIN AV,2345S,FRANKLIN AV - 2345S,,,N,,N,N
292,FRANKLIN AV,ACS,FRANKLIN AV - ACS,,,N,,N,N
293,FRANKLIN ST,1,FRANKLIN ST - 1,,,N,,N,N
294,FREEMAN ST,25,FREEMAN ST - 25,,,N,,N,N
295,FRESH POND RD,M,FRESH POND RD - M,,,N,,N,N
296,FT HAMILTON PKY,D,FT HAMILTON PKY - D,,,N,,N,N
297,FT HAMILTON PKY,FG,FT HAMILTON PKY - FG,,,N,,N,N
298,FT HAMILTON PKY,N,FT HAMILTON PKY - N,,,N,,N,N
299,FULTON ST,2345ACJZ,FULTON ST - 2345ACJZ,MN25,Battery Park City-Lower Manhattan,N,,N,N
300,FULTON ST,ACJZ2345,FULTON ST - ACJZ2345,MN25,Battery Park City-Lower Manhattan,N,,N,N
301,FULTON ST,G,FULTON ST - G,,,N,,N,N
302,GATES AV,JZ,GATES AV - JZ,,,N,,N,N
303,GRAHAM AV,L,GRAHAM AV - L,,,N,,N,N
304,GRAND ARMY PLAZ,23,GRAND ARMY PLAZ - 23,BK37,Park Slope-Gowanus,N,,N,N
305,GRAND ST,BD,GRAND ST - BD,,,N,,N,N
306,GRAND ST,L,GRAND ST - L,,,N,,N,N
307,GRAND-NEWTOWN,MR,GRAND-NEWTOWN - MR,,,N,,N,N
308,GRANT AV,A,GRANT AV - A,,,N,,N,N
309,GRD CNTRL-42 ST,4567S,GRD CNTRL-42 ST - 4567S,MN17,Midtown-Midtown South,Y,Georgetown University,N,N
310,GREENPOINT AV,G,GREENPOINT AV - G,,,N,,N,N
311,GROVE STREET,1,GROVE STREET - 1,,,N,,N,N
312,GUN HILL RD,25,GUN HILL RD - 25,,,N,,N,N
313,GUN HILL RD,5,GUN HILL RD - 5,,,N,,N,N
314,HALSEY ST,J,HALSEY ST - J,,,N,,N,N
315,HALSEY ST,L,HALSEY ST - L,,,N,,N,N
316,HARLEM 148 ST,3,HARLEM 148 ST - 3,,,N,,N,N
317,HARRISON,1,HARRISON - 1,,,N,,N,N
318,HEWES ST,JM,HEWES ST - JM,,,N,,N,N
319,HIGH ST,AC,HIGH ST - AC,BK38,DUMBO-Vinegar Hill-Downtown Brooklyn-Boerum Hill,Y,,N,Y
320,HOUSTON ST,1,HOUSTON ST - 1,,,N,,N,N
321,HOWARD BCH JFK,A,HOWARD BCH JFK - A,,,N,,N,N
322,HOYT ST,23,HOYT ST - 23,,,N,,N,N
323,HOYT-SCHER,ACG,HOYT-SCHER - ACG,,,N,,N,N
324,HUNTERS PT AV,7,HUNTERS PT AV - 7,,,N,,N,N
325,HUNTS POINT AV,6,HUNTS POINT AV - 6,,,N,,N,N
326,INTERVALE AV,25,INTERVALE AV - 25,,,N,,N,N
327,INWOOD-207 ST,A,INWOOD-207 ST - A,,,N,,N,N
328,JACKSON AV,25,JACKSON AV - 25,,,N,,N,N
329,JAMAICA 179 ST,F,JAMAICA 179 ST - F,,,N,,N,N
330,JAMAICA CENTER,EJZ,JAMAICA CENTER - EJZ,,,N,,N,N
331,JAMAICA VAN WK,E,JAMAICA VAN WK - E,,,N,,N,N
332,JAY ST-METROTEC,ACF,JAY ST-METROTEC - ACF,,,N,,N,N
333,JAY ST-METROTEC,R,JAY ST-METROTEC - R,,,N,,N,N
334,JEFFERSON ST,L,JEFFERSON ST - L,,,N,,N,N
335,JFK JAMAICA CT1,E,JFK JAMAICA CT1 - E,,,N,,N,N
336,JKSN HT-ROOSVLT,EFMR7,JKSN HT-ROOSVLT - EFMR7,,,N,,N,N
337,JOURNAL SQUARE,1,JOURNAL SQUARE - 1,,,N,,N,N
338,JUNCTION BLVD,7,JUNCTION BLVD - 7,,,N,,N,N
339,JUNIUS ST,3,JUNIUS ST - 3,,,N,,N,N
340,KEW GARDENS,EF,KEW GARDENS - EF,,,N,,N,N
341,KINGS HWY,BQ,KINGS HWY - BQ,,,N,,N,N
342,KINGS HWY,F,KINGS HWY - F,,,N,,N,N
343,KINGS HWY,N,KINGS HWY - N,,,N,,N,N
344,KINGSBRIDGE RD,4,KINGSBRIDGE RD - 4,,,N,,N,N
345,KINGSBRIDGE RD,BD,KINGSBRIDGE RD - BD,,,N,,N,N
346,KINGSTON AV,3,KINGSTON AV - 3,,,N,,N,N
347,KINGSTON-THROOP,C,KINGSTON-THROOP - C,,,N,,N,N
348,KNICKERBOCKER,M,KNICKERBOCKER - M,,,N,,N,N
349,KOSCIUSZKO ST,J,KOSCIUSZKO ST - J,,,N,,N,N
350,LACKAWANNA,1,LACKAWANNA - 1,,,N,,N,N
351,LAFAYETTE AV,C,LAFAYETTE AV - C,,,N,,N,N
352,LEXINGTON AV/53,EM6,LEXINGTON AV/53 - EM6,,,N,,N,N
353,LEXINGTON AV/63,F,LEXINGTON AV/63 - F,MN40,Upper East Side-Carnegie Hill,N,,N,N
354,LIBERTY AV,C,LIBERTY AV - C,,,N,,N,N
355,LIVONIA AV,L,LIVONIA AV - L,,,N,,N,N
356,LONGWOOD AV,6,LONGWOOD AV - 6,,,N,,N,N
357,LORIMER ST,JM,LORIMER ST - JM,,,N,,N,N
358,LORIMER ST,LG,LORIMER ST - LG,,,N,,N,N
359,MARBLE HILL-225,1,MARBLE HILL-225 - 1,,,N,,N,N
360,MARCY AV,JMZ,MARCY AV - JMZ,,,N,,N,N
361,METROPOLITAN AV,GL,METROPOLITAN AV - GL,,,N,,N,N
362,METROPOLITAN AV,M,METROPOLITAN AV - M,,,N,,N,N
363,METS-WILLETS PT,7,METS-WILLETS PT - 7,,,N,,N,N
364,MIDDLETOWN RD,6,MIDDLETOWN RD - 6,,,N,,N,N
365,MONTROSE AV,L,MONTROSE AV - L,,,N,,N,N
366,MORGAN AV,L,MORGAN AV - L,,,N,,N,N
367,MORISN AV/SNDVW,6,MORISN AV/SNDVW - 6,,,N,,N,N
368,MORRIS PARK,5,MORRIS PARK - 5,,,N,,N,N
369,MOSHOLU PKWY,4,MOSHOLU PKWY - 4,,,N,,N,N
370,MT EDEN AV,4,MT EDEN AV - 4,,,N,,N,N
371,MYRTLE AV,JMZ,MYRTLE AV - JMZ,,,N,,N,N
372,MYRTLE-WILLOUGH,G,MYRTLE-WILLOUGH - G,,,N,,N,N
373,MYRTLE-WYCKOFF,LM,MYRTLE-WYCKOFF - LM,,,N,,N,N
374,NASSAU AV,G,NASSAU AV - G,,,N,,N,N
375,NECK RD,BQ,NECK RD - BQ,,,N,,N,N
376,NEPTUNE AV,F,NEPTUNE AV - F,,,N,,N,N
377,NEREID AV,25,NEREID AV - 25,,,N,,N,N
378,NEVINS ST,2345,NEVINS ST - 2345,,,N,,N,N
379,NEW LOTS,L,NEW LOTS - L,,,N,,N,N
380,NEW LOTS AV,3,NEW LOTS AV - 3,,,N,,N,N
381,NEW UTRECHT AV,ND,NEW UTRECHT AV - ND,,,N,,N,N
382,NEWARK BM BW,1,NEWARK BM BW - 1,,,N,,N,N
383,NEWARK C,1,NEWARK C - 1,,,N,,N,N
384,NEWARK HM HE,1,NEWARK HM HE - 1,,,N,,N,N
385,NEWARK HW BMEBE,1,NEWARK HW BMEBE - 1,,,N,,N,N
386,NEWKIRK AV,25,NEWKIRK AV - 25,,,N,,N,N
387,NEWKIRK PLAZA,BQ,NEWKIRK PLAZA - BQ,,,N,,N,N
388,NORTHERN BLVD,MR,NORTHERN BLVD - MR,,,N,,N,N
389,NORWOOD 205 ST,D,NORWOOD 205 ST - D,,,N,,N,N
390,NORWOOD AV,JZ,NORWOOD AV - JZ,,,N,,N,N
391,NOSTRAND AV,3,NOSTRAND AV - 3,,,N,,N,N
392,NOSTRAND AV,AC,NOSTRAND AV - AC,,,N,,N,N
393,OCEAN PKWY,Q,OCEAN PKWY - Q,,,N,,N,N
394,ORCHARD BEACH,6,ORCHARD BEACH - 6,,,N,,N,N
395,OZONE PK LEFFRT,A,OZONE PK LEFFRT - A,,,N,,N,N
396,PARK PLACE,23ACE,PARK PLACE - 23ACE,,,N,,N,N
397,PARK PLACE,S,PARK PLACE - S,,,N,,N,N
398,PARKCHESTER,6,PARKCHESTER - 6,,,N,,N,N
399,PARKSIDE AV,BQ,PARKSIDE AV - BQ,,,N,,N,N
400,PARSONS BLVD,F,PARSONS BLVD - F,,,N,,N,N
401,PATH NEW WTC,1,PATH NEW WTC - 1,,,N,,N,N
402,PATH WTC 2,1,PATH WTC 2 - 1,,,N,,N,N
403,PAVONIA/NEWPORT,1,PAVONIA/NEWPORT - 1,,,N,,N,N
404,PELHAM BAY PARK,6,PELHAM BAY PARK - 6,,,N,,N,N
405,PELHAM PKWY,25,PELHAM PKWY - 25,,,N,,N,N
406,PELHAM PKWY,5,PELHAM PKWY - 5,,,N,,N,N
407,PENNSYLVANIA AV,3,PENNSYLVANIA AV - 3,,,N,,N,N
408,PRESIDENT ST,25,PRESIDENT ST - 25,BK63,Crown Heights South,Y,City University of New York,N,N
409,PRINCE ST,NRW,PRINCE ST - NRW,,,N,,N,N
410,PROSPECT AV,25,PROSPECT AV - 25,,,N,,N,N
411,PROSPECT AV,R,PROSPECT AV - R,BK37,Park Slope-Gowanus,N,,N,N
412,PROSPECT PARK,BQS,PROSPECT PARK - BQS,,,N,,N,N
413,QUEENS PLAZA,EMR,QUEENS PLAZA - EMR,,,N,,N,N
414,QUEENSBORO PLZ,7NQW,QUEENSBORO PLZ - 7NQW,,,N,,N,N
415,RALPH AV,C,RALPH AV - C,,,N,,N,N
416,RECTOR ST,1,RECTOR ST - 1,MN25,Battery Park City-Lower Manhattan,N,,N,N
417,RECTOR ST,NRW,RECTOR ST - NRW,MN25,Battery Park City-Lower Manhattan,N,,N,N
418,RIT-MANHATTAN,R,RIT-MANHATTAN - R,,,N,,N,N
419,RIT-ROOSEVELT,R,RIT-ROOSEVELT - R,,,N,,N,N
420,ROCKAWAY AV,3,ROCKAWAY AV - 3,,,N,,N,N
421,ROCKAWAY AV,C,ROCKAWAY AV - C,,,N,,N,N
422,ROCKAWAY BLVD,A,ROCKAWAY BLVD - A,,,N,,N,N
423,ROCKAWAY PARK B,AS,ROCKAWAY PARK B - AS,,,N,,N,N
424,ROOSEVELT ISLND,F,ROOSEVELT ISLND - F,,,N,,N,N
425,SARATOGA AV,3,SARATOGA AV - 3,,,N,,N,N
426,SENECA AVE,M,SENECA AVE - M,,,N,,N,N
427,SHEEPSHEAD BAY,BQ,SHEEPSHEAD BAY - BQ,,,N,,N,N
428,SHEPHERD AV,C,SHEPHERD AV - C,,,N,,N,N
429,SIMPSON ST,25,SIMPSON ST - 25,,,N,,N,N
430,SMITH-9 ST,FG,SMITH-9 ST - FG,BK37,Park Slope-Gowanus,N,,N,N
431,SOUTH FERRY,1RW,SOUTH FERRY - 1RW,MN25,Battery Park City-Lower Manhattan,N,,N,N
432,SPRING ST,6,SPRING ST - 6,,,N,,N,N
433,SPRING ST,CE,SPRING ST - CE,,,N,,N,N
434,ST LAWRENCE AV,6,ST LAWRENCE AV - 6,,,N,,N,N
435,ST. GEORGE,1,ST. GEORGE - 1,,,N,,N,N
436,STEINWAY ST,MR,STEINWAY ST - MR,,,N,,N,N
437,STERLING ST,25,STERLING ST - 25,,,N,,N,N
438,SUTPHIN BLVD,F,SUTPHIN BLVD - F,,,N,,N,N
439,SUTPHIN-ARCHER,EJZ,SUTPHIN-ARCHER - EJZ,,,N,,N,N
440,SUTTER AV,L,SUTTER AV - L,,,N,,N,N
441,SUTTER AV-RUTLD,3,SUTTER AV-RUTLD - 3,,,N,,N,N
442,THIRTY ST,1,THIRTY ST - 1,,,N,,N,N
443,THIRTY THIRD ST,1,THIRTY THIRD ST - 1,,,N,,N,N
444,TIMES SQ-42 ST,1237ACENQRS,TIMES SQ-42 ST - 1237ACENQRS,MN17,Midtown-Midtown South,Y,Georgetown University,N,N
445,TIMES SQ-42 ST,1237ACENQRSW,TIMES SQ-42 ST - 1237ACENQRSW,MN17,Midtown-Midtown South,Y,Georgetown University,N,N
472,YORK ST,F,,BK38,DUMBO-Vinegar Hill-Downtown Brooklyn-Boerum Hill,Y,,N,Y
474,COURT ST,NR ,,BK09,Brooklyn Heights-Cobble Hill,N,,N,N
450,UNION ST,R,,BK37,Park Slope-Gowanus,N,,N,N
457,W 4 ST-WASH SQ,ABCDEFM,,MN23,West Village,Y,New York University,N,N
460,WALL ST,23,,MN25,Battery Park City-Lower Manhattan,N,,N,N
461,WALL ST,45,,MN25,Battery Park City-Lower Manhattan,N,,N,N
464,WHITEHALL S-FRY,R1W,,MN25,Battery Park City-Lower Manhattan,N,,N,N
446,TIMES SQ-42 ST,ACENQRS1237W,,,,N,,N,N
447,TOMPKINSVILLE,1,,,,N,,N,N
448,TREMONT AV,BD,,,,N,,N,N
449,TWENTY THIRD ST,1,,,,N,,N,N
451,UTICA AV,AC,,,,N,,N,N
452,V.CORTLANDT PK,1,,,,N,,N,N
453,VAN SICLEN AV,3,,,,N,,N,N
454,VAN SICLEN AV,JZ,,,,N,,N,N
455,VAN SICLEN AVE,C,,,,N,,N,N
456,VERNON-JACKSON,7,,,,N,,N,N
458,W 8 ST-AQUARIUM,FQ,,,,N,,N,N
459,WAKEFIELD/241,2,,,,N,,N,N
462,WEST FARMS SQ,25,,,,N,,N,N
463,WESTCHESTER SQ,6,,,,N,,N,N
465,WHITLOCK AV,6,,,,N,,N,N
466,WILSON AV,L,,,,N,,N,N
467,WINTHROP ST,25,,,,N,,N,N
468,WOODHAVEN BLVD,JZ,,,,N,,N,N
469,WOODHAVEN BLVD,MR,,,,N,,N,N
470,WOODLAWN,4,,,,N,,N,N
471,WORLD TRADE CTR,ACE23,,,,N,,N,N
473,ZEREGA AV,6,,,,N,,N,N
